INSERT INTO shelves (id, name, latitude, longitude) VALUES
('ccef5ddacf7de2b8','Schronk! - Bootshafen', 47.13193457771374, 7.235375308019313),
('a46dab2437d8e08c','Schronk! - Beaumont-Quartier', 47.14075880706449, 7.240154607836908),
('e6b50663cd00c0b6','Schronk! - Stadtpark', 47.140902800688835, 7.254493915070689),
('3563845eeba2410f','Schronk! - Neues Museum Biel', 47.13916365271485, 7.242674107319091),
('8d3f1fe452e25e54','Schronk! - Arthur-Villard-Promenade', 47.14604894797752, 7.270687449948917);

/*
INSERT INTO books (isbn, title, author, publisher) VALUES
('9780747532699','Harry Potter and the Philosopher''s Stone','J.K. Rowling','Bloomsbury'),
('9780439064873','Harry Potter and the Chamber of Secrets','J.K. Rowling','Scholastic'),
('9780439136365','Harry Potter and the Prisoner of Azkaban','J.K. Rowling','Scholastic'),
('9780547928227','The Hobbit','J.R.R. Tolkien','Houghton Mifflin'),
('9780261103573','The Lord of the Rings','J.R.R. Tolkien','Allen & Unwin'),
('9780553386790','A Game of Thrones','George R.R. Martin','Bantam'),
('9780061120084','To Kill a Mockingbird','Harper Lee','Harper Perennial'),
('9780743273565','The Great Gatsby','F. Scott Fitzgerald','Scribner'),
('9780451524935','1984','George Orwell','Signet Classics'),
('9780451526342','Animal Farm','George Orwell','Signet Classics'),
('9780140449136','The Odyssey','Homer','Penguin Classics'),
('9780140449181','The Iliad','Homer','Penguin Classics'),
('9780141439600','Pride and Prejudice','Jane Austen','Penguin Classics'),
('9780141439518','Sense and Sensibility','Jane Austen','Penguin Classics'),
('9780141441146','Jane Eyre','Charlotte Brontë','Penguin Classics'),
('9780141439723','Wuthering Heights','Emily Brontë','Penguin Classics'),
('9780140449266','Crime and Punishment','Fyodor Dostoevsky','Penguin Classics'),
('9780140449273','The Brothers Karamazov','Fyodor Dostoevsky','Penguin Classics'),
('9780140449334','War and Peace','Leo Tolstoy','Penguin Classics'),
('9780140449174','Anna Karenina','Leo Tolstoy','Penguin Classics'),
('9783257229530','Der Vorleser','Bernhard Schlink','Diogenes'),
('9783518362602','Die Verwandlung','Franz Kafka','Fischer'),
('9783150000014','Faust I','Johann Wolfgang von Goethe','Reclam'),
('9783150000021','Faust II','Johann Wolfgang von Goethe','Reclam'),
('9783518468328','Der Prozess','Franz Kafka','Fischer'),
('9783499256358','Im Westen nichts Neues','Erich Maria Remarque','Rowohlt'),
('9783596512939','Tschick','Wolfgang Herrndorf','Rowohlt'),
('9783518468329','Das Schloss','Franz Kafka','Fischer'),
('9783442756907','Die Physiker','Friedrich Dürrenmatt','Diogenes'),
('9783518468330','Homo Faber','Max Frisch','Suhrkamp'),
('9782070360024','Le Petit Prince','Antoine de Saint-Exupéry','Gallimard'),
('9782070408504','L''Étranger','Albert Camus','Gallimard'),
('9782070368228','La Peste','Albert Camus','Gallimard'),
('9782070413119','Madame Bovary','Gustave Flaubert','Gallimard'),
('9782070409181','Les Misérables','Victor Hugo','Gallimard'),
('9782070417742','Notre-Dame de Paris','Victor Hugo','Gallimard'),
('9782070368211','Candide','Voltaire','Gallimard'),
('9782070360536','Germinal','Émile Zola','Gallimard'),
('9782070360420','Nana','Émile Zola','Gallimard'),
('9782070368229','Bel-Ami','Guy de Maupassant','Gallimard'),
('9780307474278','The Catcher in the Rye','J.D. Salinger','Little, Brown'),
('9780140283334','Lord of the Flies','William Golding','Penguin'),
('9780060850524','Brave New World','Aldous Huxley','Harper Perennial'),
('9780307387899','The Road','Cormac McCarthy','Vintage'),
('9780679783268','The Stranger','Albert Camus','Vintage'),
('9780141187761','One Hundred Years of Solitude','Gabriel García Márquez','Penguin'),
('9780142437230','Moby-Dick','Herman Melville','Penguin'),
('9780140447927','Don Quixote','Miguel de Cervantes','Penguin'),
('9780140447934','The Divine Comedy','Dante Alighieri','Penguin'),
('9780140444308','Meditations','Marcus Aurelius','Penguin');

INSERT INTO shelves_books (shelf_id, isbn, last_scanned) VALUES
('ccef5ddacf7de2b8','9780747532699','2026-03-25 14:12:00'),
('ccef5ddacf7de2b8','9780439064873','2026-03-03 09:41:00'),
('ccef5ddacf7de2b8','9780547928227','2026-02-18 17:26:00'),
('ccef5ddacf7de2b8','9780261103573','2026-01-29 11:08:00'),
('ccef5ddacf7de2b8','9780061120084','2026-03-11 16:54:00'),
('ccef5ddacf7de2b8','9780451524935','2026-02-07 13:22:00'),
('ccef5ddacf7de2b8','9780141439600','2026-01-14 10:17:00'),
('ccef5ddacf7de2b8','9783257229530','2026-03-20 08:33:00'),
('ccef5ddacf7de2b8','9782070360024','2026-02-25 19:12:00'),
('ccef5ddacf7de2b8','9780307474278','2026-01-05 15:47:00'),

('a46dab2437d8e08c','9780439136365','2026-03-17 12:04:00'),
('a46dab2437d8e08c','9780547928227','2026-03-08 18:11:00'),
('a46dab2437d8e08c','9780553386790','2026-02-13 09:25:00'),
('a46dab2437d8e08c','9780743273565','2026-01-22 14:39:00'),
('a46dab2437d8e08c','9780451526342','2026-03-27 10:58:00'),
('a46dab2437d8e08c','9780141441146','2026-02-02 16:42:00'),
('a46dab2437d8e08c','9780140449266','2026-01-09 08:19:00'),
('a46dab2437d8e08c','9783518362602','2026-03-01 11:31:00'),
('a46dab2437d8e08c','9783518468328','2026-02-21 13:07:00'),
('a46dab2437d8e08c','9782070408504','2026-01-30 17:55:00'),

('e6b50663cd00c0b6','9780747532699','2026-03-06 09:44:00'),
('e6b50663cd00c0b6','9780261103573','2026-02-14 15:16:00'),
('e6b50663cd00c0b6','9780140449136','2026-01-18 12:51:00'),
('e6b50663cd00c0b6','9780140449181','2026-03-22 14:03:00'),
('e6b50663cd00c0b6','9780141439518','2026-02-27 10:24:00'),
('e6b50663cd00c0b6','9780140449273','2026-01-12 18:08:00'),
('e6b50663cd00c0b6','9783499256358','2026-03-10 07:42:00'),
('e6b50663cd00c0b6','9783596512939','2026-02-05 16:36:00'),
('e6b50663cd00c0b6','9782070368228','2026-01-26 11:57:00'),
('e6b50663cd00c0b6','9780679783268','2026-03-24 13:49:00'),

('3563845eeba2410f','9780439064873','2026-02-28 09:13:00'),
('3563845eeba2410f','9780451524935','2026-01-31 14:22:00'),
('3563845eeba2410f','9780141439723','2026-03-18 16:40:00'),
('3563845eeba2410f','9780140449334','2026-02-11 08:27:00'),
('3563845eeba2410f','9780140449174','2026-01-15 19:06:00'),
('3563845eeba2410f','9783150000014','2026-03-12 10:10:00'),
('3563845eeba2410f','9783150000021','2026-02-24 12:34:00'),
('3563845eeba2410f','9783442756907','2026-01-07 15:52:00'),
('3563845eeba2410f','9782070413119','2026-03-21 11:43:00'),
('3563845eeba2410f','9780142437230','2026-02-09 17:18:00'),

('8d3f1fe452e25e54','9780547928227','2026-03-19 13:29:00'),
('8d3f1fe452e25e54','9780060850524','2026-02-16 09:56:00'),
('8d3f1fe452e25e54','9780307387899','2026-01-20 18:44:00'),
('8d3f1fe452e25e54','9780140283334','2026-03-04 10:05:00'),
('8d3f1fe452e25e54','9780141187761','2026-02-01 14:48:00'),
('8d3f1fe452e25e54','9780140447927','2026-01-28 16:14:00'),
('8d3f1fe452e25e54','9780140447934','2026-03-26 08:41:00'),
('8d3f1fe452e25e54','9780140444308','2026-02-22 11:59:00'),
('8d3f1fe452e25e54','9782070409181','2026-01-11 13:37:00'),
('8d3f1fe452e25e54','9782070368211','2026-03-14 17:09:00');
*/

